"","V1","V2","V3","V4","V5","V6","V7"
"2","1","1","1","1","1","2","unacc"
"3","1","1","1","1","1","3","unacc"
"4","1","1","1","1","2","1","unacc"
"5","1","1","1","1","2","2","unacc"
"7","1","1","1","1","3","1","unacc"
"8","1","1","1","1","3","2","unacc"
"10","1","1","1","2","1","1","unacc"
"11","1","1","1","2","1","2","unacc"
"15","1","1","1","2","2","3","unacc"
"16","1","1","1","2","3","1","unacc"
"17","1","1","1","2","3","2","unacc"
"18","1","1","1","2","3","3","unacc"
"19","1","1","1","3","1","1","unacc"
"20","1","1","1","3","1","2","unacc"
"21","1","1","1","3","1","3","unacc"
"22","1","1","1","3","2","1","unacc"
"23","1","1","1","3","2","2","unacc"
"24","1","1","1","3","2","3","unacc"
"26","1","1","1","3","3","2","unacc"
"27","1","1","1","3","3","3","unacc"
"28","1","1","2","1","1","1","unacc"
"29","1","1","2","1","1","2","unacc"
"30","1","1","2","1","1","3","unacc"
"32","1","1","2","1","2","2","unacc"
"33","1","1","2","1","2","3","unacc"
"34","1","1","2","1","3","1","unacc"
"35","1","1","2","1","3","2","unacc"
"37","1","1","2","2","1","1","unacc"
"38","1","1","2","2","1","2","unacc"
"40","1","1","2","2","2","1","unacc"
"43","1","1","2","2","3","1","unacc"
"44","1","1","2","2","3","2","unacc"
"45","1","1","2","2","3","3","unacc"
"46","1","1","2","3","1","1","unacc"
"47","1","1","2","3","1","2","unacc"
"48","1","1","2","3","1","3","unacc"
"49","1","1","2","3","2","1","unacc"
"50","1","1","2","3","2","2","unacc"
"51","1","1","2","3","2","3","unacc"
"53","1","1","2","3","3","2","unacc"
"54","1","1","2","3","3","3","unacc"
"56","1","1","3","1","1","2","unacc"
"58","1","1","3","1","2","1","unacc"
"60","1","1","3","1","2","3","unacc"
"61","1","1","3","1","3","1","unacc"
"62","1","1","3","1","3","2","unacc"
"64","1","1","3","2","1","1","unacc"
"65","1","1","3","2","1","2","unacc"
"67","1","1","3","2","2","1","unacc"
"68","1","1","3","2","2","2","unacc"
"69","1","1","3","2","2","3","unacc"
"70","1","1","3","2","3","1","unacc"
"71","1","1","3","2","3","2","unacc"
"72","1","1","3","2","3","3","unacc"
"73","1","1","3","3","1","1","unacc"
"74","1","1","3","3","1","2","unacc"
"75","1","1","3","3","1","3","unacc"
"77","1","1","3","3","2","2","unacc"
"80","1","1","3","3","3","2","unacc"
"81","1","1","3","3","3","3","unacc"
"82","1","1","4","1","1","1","unacc"
"83","1","1","4","1","1","2","unacc"
"84","1","1","4","1","1","3","unacc"
"85","1","1","4","1","2","1","unacc"
"86","1","1","4","1","2","2","unacc"
"87","1","1","4","1","2","3","unacc"
"90","1","1","4","1","3","3","unacc"
"91","1","1","4","2","1","1","unacc"
"93","1","1","4","2","1","3","unacc"
"94","1","1","4","2","2","1","unacc"
"95","1","1","4","2","2","2","unacc"
"96","1","1","4","2","2","3","unacc"
"97","1","1","4","2","3","1","unacc"
"98","1","1","4","2","3","2","unacc"
"99","1","1","4","2","3","3","unacc"
"100","1","1","4","3","1","1","unacc"
"101","1","1","4","3","1","2","unacc"
"103","1","1","4","3","2","1","unacc"
"104","1","1","4","3","2","2","unacc"
"105","1","1","4","3","2","3","unacc"
"106","1","1","4","3","3","1","unacc"
"107","1","1","4","3","3","2","unacc"
"108","1","1","4","3","3","3","unacc"
"109","1","2","1","1","1","1","unacc"
"110","1","2","1","1","1","2","unacc"
"111","1","2","1","1","1","3","unacc"
"112","1","2","1","1","2","1","unacc"
"113","1","2","1","1","2","2","unacc"
"114","1","2","1","1","2","3","unacc"
"115","1","2","1","1","3","1","unacc"
"116","1","2","1","1","3","2","unacc"
"117","1","2","1","1","3","3","unacc"
"118","1","2","1","2","1","1","unacc"
"119","1","2","1","2","1","2","unacc"
"121","1","2","1","2","2","1","unacc"
"122","1","2","1","2","2","2","unacc"
"123","1","2","1","2","2","3","unacc"
"124","1","2","1","2","3","1","unacc"
"125","1","2","1","2","3","2","unacc"
"127","1","2","1","3","1","1","unacc"
"129","1","2","1","3","1","3","unacc"
"131","1","2","1","3","2","2","unacc"
"134","1","2","1","3","3","2","unacc"
"135","1","2","1","3","3","3","unacc"
"136","1","2","2","1","1","1","unacc"
"137","1","2","2","1","1","2","unacc"
"138","1","2","2","1","1","3","unacc"
"139","1","2","2","1","2","1","unacc"
"140","1","2","2","1","2","2","unacc"
"141","1","2","2","1","2","3","unacc"
"142","1","2","2","1","3","1","unacc"
"143","1","2","2","1","3","2","unacc"
"144","1","2","2","1","3","3","unacc"
"145","1","2","2","2","1","1","unacc"
"146","1","2","2","2","1","2","unacc"
"148","1","2","2","2","2","1","unacc"
"149","1","2","2","2","2","2","unacc"
"150","1","2","2","2","2","3","unacc"
"151","1","2","2","2","3","1","unacc"
"152","1","2","2","2","3","2","unacc"
"153","1","2","2","2","3","3","unacc"
"154","1","2","2","3","1","1","unacc"
"155","1","2","2","3","1","2","unacc"
"156","1","2","2","3","1","3","unacc"
"158","1","2","2","3","2","2","unacc"
"159","1","2","2","3","2","3","unacc"
"160","1","2","2","3","3","1","unacc"
"161","1","2","2","3","3","2","unacc"
"162","1","2","2","3","3","3","unacc"
"163","1","2","3","1","1","1","unacc"
"164","1","2","3","1","1","2","unacc"
"165","1","2","3","1","1","3","unacc"
"166","1","2","3","1","2","1","unacc"
"167","1","2","3","1","2","2","unacc"
"168","1","2","3","1","2","3","unacc"
"170","1","2","3","1","3","2","unacc"
"173","1","2","3","2","1","2","unacc"
"174","1","2","3","2","1","3","unacc"
"175","1","2","3","2","2","1","unacc"
"176","1","2","3","2","2","2","unacc"
"177","1","2","3","2","2","3","unacc"
"178","1","2","3","2","3","1","unacc"
"179","1","2","3","2","3","2","unacc"
"180","1","2","3","2","3","3","unacc"
"181","1","2","3","3","1","1","unacc"
"182","1","2","3","3","1","2","unacc"
"183","1","2","3","3","1","3","unacc"
"184","1","2","3","3","2","1","unacc"
"185","1","2","3","3","2","2","unacc"
"186","1","2","3","3","2","3","unacc"
"187","1","2","3","3","3","1","unacc"
"188","1","2","3","3","3","2","unacc"
"190","1","2","4","1","1","1","unacc"
"191","1","2","4","1","1","2","unacc"
"192","1","2","4","1","1","3","unacc"
"193","1","2","4","1","2","1","unacc"
"194","1","2","4","1","2","2","unacc"
"195","1","2","4","1","2","3","unacc"
"196","1","2","4","1","3","1","unacc"
"197","1","2","4","1","3","2","unacc"
"198","1","2","4","1","3","3","unacc"
"199","1","2","4","2","1","1","unacc"
"200","1","2","4","2","1","2","unacc"
"201","1","2","4","2","1","3","unacc"
"202","1","2","4","2","2","1","unacc"
"203","1","2","4","2","2","2","unacc"
"204","1","2","4","2","2","3","unacc"
"205","1","2","4","2","3","1","unacc"
"206","1","2","4","2","3","2","unacc"
"207","1","2","4","2","3","3","unacc"
"208","1","2","4","3","1","1","unacc"
"209","1","2","4","3","1","2","unacc"
"210","1","2","4","3","1","3","unacc"
"211","1","2","4","3","2","1","unacc"
"212","1","2","4","3","2","2","unacc"
"214","1","2","4","3","3","1","unacc"
"216","1","2","4","3","3","3","unacc"
"217","1","3","1","1","1","1","unacc"
"218","1","3","1","1","1","2","unacc"
"219","1","3","1","1","1","3","unacc"
"221","1","3","1","1","2","2","unacc"
"222","1","3","1","1","2","3","unacc"
"224","1","3","1","1","3","2","unacc"
"225","1","3","1","1","3","3","unacc"
"226","1","3","1","2","1","1","unacc"
"227","1","3","1","2","1","2","unacc"
"228","1","3","1","2","1","3","acc"
"230","1","3","1","2","2","2","unacc"
"232","1","3","1","2","3","1","unacc"
"233","1","3","1","2","3","2","acc"
"234","1","3","1","2","3","3","acc"
"235","1","3","1","3","1","1","unacc"
"236","1","3","1","3","1","2","unacc"
"237","1","3","1","3","1","3","unacc"
"238","1","3","1","3","2","1","unacc"
"241","1","3","1","3","3","1","unacc"
"242","1","3","1","3","3","2","acc"
"243","1","3","1","3","3","3","acc"
"244","1","3","2","1","1","1","unacc"
"246","1","3","2","1","1","3","unacc"
"247","1","3","2","1","2","1","unacc"
"248","1","3","2","1","2","2","unacc"
"249","1","3","2","1","2","3","unacc"
"250","1","3","2","1","3","1","unacc"
"251","1","3","2","1","3","2","unacc"
"253","1","3","2","2","1","1","unacc"
"254","1","3","2","2","1","2","unacc"
"255","1","3","2","2","1","3","acc"
"256","1","3","2","2","2","1","unacc"
"257","1","3","2","2","2","2","unacc"
"258","1","3","2","2","2","3","acc"
"260","1","3","2","2","3","2","acc"
"262","1","3","2","3","1","1","unacc"
"264","1","3","2","3","1","3","acc"
"265","1","3","2","3","2","1","unacc"
"266","1","3","2","3","2","2","acc"
"267","1","3","2","3","2","3","acc"
"268","1","3","2","3","3","1","unacc"
"269","1","3","2","3","3","2","acc"
"271","1","3","3","1","1","1","unacc"
"272","1","3","3","1","1","2","unacc"
"273","1","3","3","1","1","3","unacc"
"274","1","3","3","1","2","1","unacc"
"275","1","3","3","1","2","2","unacc"
"276","1","3","3","1","2","3","unacc"
"278","1","3","3","1","3","2","unacc"
"279","1","3","3","1","3","3","unacc"
"280","1","3","3","2","1","1","unacc"
"281","1","3","3","2","1","2","unacc"
"282","1","3","3","2","1","3","acc"
"283","1","3","3","2","2","1","unacc"
"284","1","3","3","2","2","2","acc"
"285","1","3","3","2","2","3","acc"
"286","1","3","3","2","3","1","unacc"
"287","1","3","3","2","3","2","acc"
"289","1","3","3","3","1","1","unacc"
"290","1","3","3","3","1","2","unacc"
"292","1","3","3","3","2","1","unacc"
"293","1","3","3","3","2","2","acc"
"294","1","3","3","3","2","3","acc"
"295","1","3","3","3","3","1","unacc"
"296","1","3","3","3","3","2","acc"
"297","1","3","3","3","3","3","acc"
"298","1","3","4","1","1","1","unacc"
"299","1","3","4","1","1","2","unacc"
"300","1","3","4","1","1","3","unacc"
"301","1","3","4","1","2","1","unacc"
"302","1","3","4","1","2","2","unacc"
"303","1","3","4","1","2","3","unacc"
"304","1","3","4","1","3","1","unacc"
"305","1","3","4","1","3","2","unacc"
"306","1","3","4","1","3","3","unacc"
"307","1","3","4","2","1","1","unacc"
"309","1","3","4","2","1","3","acc"
"310","1","3","4","2","2","1","unacc"
"311","1","3","4","2","2","2","acc"
"312","1","3","4","2","2","3","acc"
"313","1","3","4","2","3","1","unacc"
"314","1","3","4","2","3","2","acc"
"317","1","3","4","3","1","2","unacc"
"318","1","3","4","3","1","3","acc"
"320","1","3","4","3","2","2","acc"
"323","1","3","4","3","3","2","acc"
"324","1","3","4","3","3","3","acc"
"325","1","4","1","1","1","1","unacc"
"327","1","4","1","1","1","3","unacc"
"328","1","4","1","1","2","1","unacc"
"330","1","4","1","1","2","3","unacc"
"331","1","4","1","1","3","1","unacc"
"332","1","4","1","1","3","2","unacc"
"333","1","4","1","1","3","3","unacc"
"334","1","4","1","2","1","1","unacc"
"335","1","4","1","2","1","2","unacc"
"337","1","4","1","2","2","1","unacc"
"338","1","4","1","2","2","2","unacc"
"340","1","4","1","2","3","1","unacc"
"341","1","4","1","2","3","2","acc"
"342","1","4","1","2","3","3","acc"
"343","1","4","1","3","1","1","unacc"
"344","1","4","1","3","1","2","unacc"
"345","1","4","1","3","1","3","unacc"
"346","1","4","1","3","2","1","unacc"
"347","1","4","1","3","2","2","unacc"
"351","1","4","1","3","3","3","acc"
"352","1","4","2","1","1","1","unacc"
"353","1","4","2","1","1","2","unacc"
"354","1","4","2","1","1","3","unacc"
"355","1","4","2","1","2","1","unacc"
"357","1","4","2","1","2","3","unacc"
"358","1","4","2","1","3","1","unacc"
"359","1","4","2","1","3","2","unacc"
"360","1","4","2","1","3","3","unacc"
"361","1","4","2","2","1","1","unacc"
"362","1","4","2","2","1","2","unacc"
"363","1","4","2","2","1","3","acc"
"364","1","4","2","2","2","1","unacc"
"365","1","4","2","2","2","2","unacc"
"366","1","4","2","2","2","3","acc"
"367","1","4","2","2","3","1","unacc"
"368","1","4","2","2","3","2","acc"
"369","1","4","2","2","3","3","acc"
"370","1","4","2","3","1","1","unacc"
"371","1","4","2","3","1","2","unacc"
"372","1","4","2","3","1","3","acc"
"373","1","4","2","3","2","1","unacc"
"374","1","4","2","3","2","2","acc"
"375","1","4","2","3","2","3","acc"
"376","1","4","2","3","3","1","unacc"
"377","1","4","2","3","3","2","acc"
"378","1","4","2","3","3","3","acc"
"379","1","4","3","1","1","1","unacc"
"380","1","4","3","1","1","2","unacc"
"381","1","4","3","1","1","3","unacc"
"382","1","4","3","1","2","1","unacc"
"383","1","4","3","1","2","2","unacc"
"384","1","4","3","1","2","3","unacc"
"386","1","4","3","1","3","2","unacc"
"387","1","4","3","1","3","3","unacc"
"388","1","4","3","2","1","1","unacc"
"389","1","4","3","2","1","2","unacc"
"392","1","4","3","2","2","2","acc"
"393","1","4","3","2","2","3","acc"
"394","1","4","3","2","3","1","unacc"
"396","1","4","3","2","3","3","acc"
"397","1","4","3","3","1","1","unacc"
"399","1","4","3","3","1","3","acc"
"400","1","4","3","3","2","1","unacc"
"401","1","4","3","3","2","2","acc"
"402","1","4","3","3","2","3","acc"
"405","1","4","3","3","3","3","acc"
"406","1","4","4","1","1","1","unacc"
"407","1","4","4","1","1","2","unacc"
"408","1","4","4","1","1","3","unacc"
"410","1","4","4","1","2","2","unacc"
"412","1","4","4","1","3","1","unacc"
"414","1","4","4","1","3","3","unacc"
"415","1","4","4","2","1","1","unacc"
"418","1","4","4","2","2","1","unacc"
"419","1","4","4","2","2","2","acc"
"421","1","4","4","2","3","1","unacc"
"422","1","4","4","2","3","2","acc"
"423","1","4","4","2","3","3","acc"
"424","1","4","4","3","1","1","unacc"
"425","1","4","4","3","1","2","unacc"
"426","1","4","4","3","1","3","acc"
"427","1","4","4","3","2","1","unacc"
"428","1","4","4","3","2","2","acc"
"429","1","4","4","3","2","3","acc"
"430","1","4","4","3","3","1","unacc"
"431","1","4","4","3","3","2","acc"
"432","1","4","4","3","3","3","acc"
"433","2","1","1","1","1","1","unacc"
"434","2","1","1","1","1","2","unacc"
"435","2","1","1","1","1","3","unacc"
"436","2","1","1","1","2","1","unacc"
"437","2","1","1","1","2","2","unacc"
"439","2","1","1","1","3","1","unacc"
"440","2","1","1","1","3","2","unacc"
"441","2","1","1","1","3","3","unacc"
"445","2","1","1","2","2","1","unacc"
"446","2","1","1","2","2","2","unacc"
"448","2","1","1","2","3","1","unacc"
"449","2","1","1","2","3","2","unacc"
"450","2","1","1","2","3","3","unacc"
"451","2","1","1","3","1","1","unacc"
"452","2","1","1","3","1","2","unacc"
"453","2","1","1","3","1","3","unacc"
"457","2","1","1","3","3","1","unacc"
"458","2","1","1","3","3","2","unacc"
"459","2","1","1","3","3","3","unacc"
"460","2","1","2","1","1","1","unacc"
"461","2","1","2","1","1","2","unacc"
"462","2","1","2","1","1","3","unacc"
"463","2","1","2","1","2","1","unacc"
"464","2","1","2","1","2","2","unacc"
"465","2","1","2","1","2","3","unacc"
"466","2","1","2","1","3","1","unacc"
"467","2","1","2","1","3","2","unacc"
"468","2","1","2","1","3","3","unacc"
"469","2","1","2","2","1","1","unacc"
"470","2","1","2","2","1","2","unacc"
"471","2","1","2","2","1","3","unacc"
"472","2","1","2","2","2","1","unacc"
"474","2","1","2","2","2","3","unacc"
"476","2","1","2","2","3","2","unacc"
"477","2","1","2","2","3","3","unacc"
"478","2","1","2","3","1","1","unacc"
"480","2","1","2","3","1","3","unacc"
"482","2","1","2","3","2","2","unacc"
"483","2","1","2","3","2","3","unacc"
"484","2","1","2","3","3","1","unacc"
"485","2","1","2","3","3","2","unacc"
"486","2","1","2","3","3","3","unacc"
"487","2","1","3","1","1","1","unacc"
"489","2","1","3","1","1","3","unacc"
"490","2","1","3","1","2","1","unacc"
"491","2","1","3","1","2","2","unacc"
"492","2","1","3","1","2","3","unacc"
"494","2","1","3","1","3","2","unacc"
"497","2","1","3","2","1","2","unacc"
"498","2","1","3","2","1","3","unacc"
"499","2","1","3","2","2","1","unacc"
"500","2","1","3","2","2","2","unacc"
"501","2","1","3","2","2","3","unacc"
"502","2","1","3","2","3","1","unacc"
"503","2","1","3","2","3","2","unacc"
"504","2","1","3","2","3","3","unacc"
"505","2","1","3","3","1","1","unacc"
"507","2","1","3","3","1","3","unacc"
"508","2","1","3","3","2","1","unacc"
"509","2","1","3","3","2","2","unacc"
"510","2","1","3","3","2","3","unacc"
"511","2","1","3","3","3","1","unacc"
"512","2","1","3","3","3","2","unacc"
"513","2","1","3","3","3","3","unacc"
"515","2","1","4","1","1","2","unacc"
"516","2","1","4","1","1","3","unacc"
"517","2","1","4","1","2","1","unacc"
"519","2","1","4","1","2","3","unacc"
"520","2","1","4","1","3","1","unacc"
"521","2","1","4","1","3","2","unacc"
"522","2","1","4","1","3","3","unacc"
"523","2","1","4","2","1","1","unacc"
"524","2","1","4","2","1","2","unacc"
"525","2","1","4","2","1","3","unacc"
"526","2","1","4","2","2","1","unacc"
"528","2","1","4","2","2","3","unacc"
"529","2","1","4","2","3","1","unacc"
"530","2","1","4","2","3","2","unacc"
"531","2","1","4","2","3","3","unacc"
"532","2","1","4","3","1","1","unacc"
"533","2","1","4","3","1","2","unacc"
"534","2","1","4","3","1","3","unacc"
"535","2","1","4","3","2","1","unacc"
"536","2","1","4","3","2","2","unacc"
"537","2","1","4","3","2","3","unacc"
"538","2","1","4","3","3","1","unacc"
"540","2","1","4","3","3","3","unacc"
"541","2","2","1","1","1","1","unacc"
"542","2","2","1","1","1","2","unacc"
"543","2","2","1","1","1","3","unacc"
"545","2","2","1","1","2","2","unacc"
"546","2","2","1","1","2","3","unacc"
"547","2","2","1","1","3","1","unacc"
"548","2","2","1","1","3","2","unacc"
"550","2","2","1","2","1","1","unacc"
"551","2","2","1","2","1","2","unacc"
"552","2","2","1","2","1","3","acc"
"553","2","2","1","2","2","1","unacc"
"554","2","2","1","2","2","2","unacc"
"555","2","2","1","2","2","3","acc"
"556","2","2","1","2","3","1","unacc"
"559","2","2","1","3","1","1","unacc"
"562","2","2","1","3","2","1","unacc"
"563","2","2","1","3","2","2","unacc"
"565","2","2","1","3","3","1","unacc"
"568","2","2","2","1","1","1","unacc"
"569","2","2","2","1","1","2","unacc"
"570","2","2","2","1","1","3","unacc"
"571","2","2","2","1","2","1","unacc"
"574","2","2","2","1","3","1","unacc"
"576","2","2","2","1","3","3","unacc"
"577","2","2","2","2","1","1","unacc"
"578","2","2","2","2","1","2","unacc"
"579","2","2","2","2","1","3","acc"
"580","2","2","2","2","2","1","unacc"
"582","2","2","2","2","2","3","acc"
"583","2","2","2","2","3","1","unacc"
"584","2","2","2","2","3","2","acc"
"585","2","2","2","2","3","3","acc"
"586","2","2","2","3","1","1","unacc"
"587","2","2","2","3","1","2","unacc"
"588","2","2","2","3","1","3","acc"
"589","2","2","2","3","2","1","unacc"
"590","2","2","2","3","2","2","acc"
"591","2","2","2","3","2","3","acc"
"593","2","2","2","3","3","2","acc"
"595","2","2","3","1","1","1","unacc"
"597","2","2","3","1","1","3","unacc"
"598","2","2","3","1","2","1","unacc"
"600","2","2","3","1","2","3","unacc"
"602","2","2","3","1","3","2","unacc"
"603","2","2","3","1","3","3","unacc"
"604","2","2","3","2","1","1","unacc"
"605","2","2","3","2","1","2","unacc"
"609","2","2","3","2","2","3","acc"
"610","2","2","3","2","3","1","unacc"
"611","2","2","3","2","3","2","acc"
"612","2","2","3","2","3","3","acc"
"613","2","2","3","3","1","1","unacc"
"614","2","2","3","3","1","2","unacc"
"616","2","2","3","3","2","1","unacc"
"617","2","2","3","3","2","2","acc"
"618","2","2","3","3","2","3","acc"
"619","2","2","3","3","3","1","unacc"
"620","2","2","3","3","3","2","acc"
"621","2","2","3","3","3","3","acc"
"623","2","2","4","1","1","2","unacc"
"624","2","2","4","1","1","3","unacc"
"625","2","2","4","1","2","1","unacc"
"626","2","2","4","1","2","2","unacc"
"627","2","2","4","1","2","3","unacc"
"629","2","2","4","1","3","2","unacc"
"631","2","2","4","2","1","1","unacc"
"632","2","2","4","2","1","2","unacc"
"634","2","2","4","2","2","1","unacc"
"635","2","2","4","2","2","2","acc"
"636","2","2","4","2","2","3","acc"
"637","2","2","4","2","3","1","unacc"
"639","2","2","4","2","3","3","acc"
"640","2","2","4","3","1","1","unacc"
"642","2","2","4","3","1","3","acc"
"644","2","2","4","3","2","2","acc"
"645","2","2","4","3","2","3","acc"
"646","2","2","4","3","3","1","unacc"
"647","2","2","4","3","3","2","acc"
"648","2","2","4","3","3","3","acc"
"649","2","3","1","1","1","1","unacc"
"650","2","3","1","1","1","2","unacc"
"652","2","3","1","1","2","1","unacc"
"653","2","3","1","1","2","2","unacc"
"654","2","3","1","1","2","3","unacc"
"655","2","3","1","1","3","1","unacc"
"657","2","3","1","1","3","3","unacc"
"659","2","3","1","2","1","2","unacc"
"660","2","3","1","2","1","3","acc"
"661","2","3","1","2","2","1","unacc"
"662","2","3","1","2","2","2","unacc"
"663","2","3","1","2","2","3","acc"
"664","2","3","1","2","3","1","unacc"
"665","2","3","1","2","3","2","acc"
"666","2","3","1","2","3","3","acc"
"667","2","3","1","3","1","1","unacc"
"668","2","3","1","3","1","2","unacc"
"669","2","3","1","3","1","3","unacc"
"670","2","3","1","3","2","1","unacc"
"672","2","3","1","3","2","3","acc"
"673","2","3","1","3","3","1","unacc"
"674","2","3","1","3","3","2","acc"
"675","2","3","1","3","3","3","acc"
"676","2","3","2","1","1","1","unacc"
"677","2","3","2","1","1","2","unacc"
"678","2","3","2","1","1","3","unacc"
"679","2","3","2","1","2","1","unacc"
"680","2","3","2","1","2","2","unacc"
"681","2","3","2","1","2","3","unacc"
"682","2","3","2","1","3","1","unacc"
"683","2","3","2","1","3","2","unacc"
"685","2","3","2","2","1","1","unacc"
"687","2","3","2","2","1","3","acc"
"688","2","3","2","2","2","1","unacc"
"689","2","3","2","2","2","2","unacc"
"690","2","3","2","2","2","3","acc"
"691","2","3","2","2","3","1","unacc"
"692","2","3","2","2","3","2","acc"
"694","2","3","2","3","1","1","unacc"
"695","2","3","2","3","1","2","unacc"
"696","2","3","2","3","1","3","acc"
"697","2","3","2","3","2","1","unacc"
"698","2","3","2","3","2","2","acc"
"699","2","3","2","3","2","3","acc"
"701","2","3","2","3","3","2","acc"
"702","2","3","2","3","3","3","acc"
"703","2","3","3","1","1","1","unacc"
"704","2","3","3","1","1","2","unacc"
"705","2","3","3","1","1","3","unacc"
"706","2","3","3","1","2","1","unacc"
"708","2","3","3","1","2","3","unacc"
"709","2","3","3","1","3","1","unacc"
"710","2","3","3","1","3","2","unacc"
"711","2","3","3","1","3","3","unacc"
"712","2","3","3","2","1","1","unacc"
"713","2","3","3","2","1","2","unacc"
"715","2","3","3","2","2","1","unacc"
"716","2","3","3","2","2","2","acc"
"717","2","3","3","2","2","3","acc"
"718","2","3","3","2","3","1","unacc"
"720","2","3","3","2","3","3","acc"
"721","2","3","3","3","1","1","unacc"
"722","2","3","3","3","1","2","unacc"
"723","2","3","3","3","1","3","acc"
"724","2","3","3","3","2","1","unacc"
"725","2","3","3","3","2","2","acc"
"726","2","3","3","3","2","3","acc"
"727","2","3","3","3","3","1","unacc"
"729","2","3","3","3","3","3","acc"
"730","2","3","4","1","1","1","unacc"
"731","2","3","4","1","1","2","unacc"
"732","2","3","4","1","1","3","unacc"
"734","2","3","4","1","2","2","unacc"
"736","2","3","4","1","3","1","unacc"
"737","2","3","4","1","3","2","unacc"
"739","2","3","4","2","1","1","unacc"
"744","2","3","4","2","2","3","acc"
"745","2","3","4","2","3","1","unacc"
"746","2","3","4","2","3","2","acc"
"747","2","3","4","2","3","3","acc"
"749","2","3","4","3","1","2","unacc"
"750","2","3","4","3","1","3","acc"
"751","2","3","4","3","2","1","unacc"
"752","2","3","4","3","2","2","acc"
"753","2","3","4","3","2","3","acc"
"755","2","3","4","3","3","2","acc"
"756","2","3","4","3","3","3","acc"
"758","2","4","1","1","1","2","unacc"
"761","2","4","1","1","2","2","unacc"
"762","2","4","1","1","2","3","unacc"
"763","2","4","1","1","3","1","unacc"
"764","2","4","1","1","3","2","unacc"
"765","2","4","1","1","3","3","unacc"
"766","2","4","1","2","1","1","unacc"
"767","2","4","1","2","1","2","unacc"
"768","2","4","1","2","1","3","acc"
"769","2","4","1","2","2","1","unacc"
"770","2","4","1","2","2","2","unacc"
"771","2","4","1","2","2","3","acc"
"772","2","4","1","2","3","1","unacc"
"775","2","4","1","3","1","1","unacc"
"776","2","4","1","3","1","2","unacc"
"777","2","4","1","3","1","3","unacc"
"778","2","4","1","3","2","1","unacc"
"780","2","4","1","3","2","3","acc"
"781","2","4","1","3","3","1","unacc"
"782","2","4","1","3","3","2","acc"
"784","2","4","2","1","1","1","unacc"
"785","2","4","2","1","1","2","unacc"
"786","2","4","2","1","1","3","unacc"
"787","2","4","2","1","2","1","unacc"
"788","2","4","2","1","2","2","unacc"
"789","2","4","2","1","2","3","unacc"
"790","2","4","2","1","3","1","unacc"
"791","2","4","2","1","3","2","unacc"
"792","2","4","2","1","3","3","unacc"
"794","2","4","2","2","1","2","unacc"
"795","2","4","2","2","1","3","acc"
"796","2","4","2","2","2","1","unacc"
"797","2","4","2","2","2","2","unacc"
"798","2","4","2","2","2","3","acc"
"800","2","4","2","2","3","2","acc"
"801","2","4","2","2","3","3","acc"
"802","2","4","2","3","1","1","unacc"
"803","2","4","2","3","1","2","unacc"
"804","2","4","2","3","1","3","acc"
"805","2","4","2","3","2","1","unacc"
"806","2","4","2","3","2","2","acc"
"807","2","4","2","3","2","3","acc"
"808","2","4","2","3","3","1","unacc"
"810","2","4","2","3","3","3","acc"
"811","2","4","3","1","1","1","unacc"
"814","2","4","3","1","2","1","unacc"
"816","2","4","3","1","2","3","unacc"
"817","2","4","3","1","3","1","unacc"
"818","2","4","3","1","3","2","unacc"
"819","2","4","3","1","3","3","unacc"
"820","2","4","3","2","1","1","unacc"
"821","2","4","3","2","1","2","unacc"
"823","2","4","3","2","2","1","unacc"
"824","2","4","3","2","2","2","acc"
"825","2","4","3","2","2","3","acc"
"826","2","4","3","2","3","1","unacc"
"830","2","4","3","3","1","2","unacc"
"831","2","4","3","3","1","3","acc"
"832","2","4","3","3","2","1","unacc"
"833","2","4","3","3","2","2","acc"
"834","2","4","3","3","2","3","acc"
"835","2","4","3","3","3","1","unacc"
"836","2","4","3","3","3","2","acc"
"837","2","4","3","3","3","3","acc"
"840","2","4","4","1","1","3","unacc"
"841","2","4","4","1","2","1","unacc"
"842","2","4","4","1","2","2","unacc"
"848","2","4","4","2","1","2","unacc"
"849","2","4","4","2","1","3","acc"
"850","2","4","4","2","2","1","unacc"
"851","2","4","4","2","2","2","acc"
"853","2","4","4","2","3","1","unacc"
"854","2","4","4","2","3","2","acc"
"855","2","4","4","2","3","3","acc"
"856","2","4","4","3","1","1","unacc"
"857","2","4","4","3","1","2","unacc"
"858","2","4","4","3","1","3","acc"
"860","2","4","4","3","2","2","acc"
"861","2","4","4","3","2","3","acc"
"862","2","4","4","3","3","1","unacc"
"863","2","4","4","3","3","2","acc"
"864","2","4","4","3","3","3","acc"
"865","3","1","1","1","1","1","unacc"
"866","3","1","1","1","1","2","unacc"
"868","3","1","1","1","2","1","unacc"
"869","3","1","1","1","2","2","unacc"
"870","3","1","1","1","2","3","unacc"
"871","3","1","1","1","3","1","unacc"
"872","3","1","1","1","3","2","unacc"
"873","3","1","1","1","3","3","unacc"
"874","3","1","1","2","1","1","unacc"
"876","3","1","1","2","1","3","acc"
"877","3","1","1","2","2","1","unacc"
"878","3","1","1","2","2","2","unacc"
"879","3","1","1","2","2","3","acc"
"880","3","1","1","2","3","1","unacc"
"881","3","1","1","2","3","2","acc"
"882","3","1","1","2","3","3","acc"
"883","3","1","1","3","1","1","unacc"
"884","3","1","1","3","1","2","unacc"
"885","3","1","1","3","1","3","unacc"
"886","3","1","1","3","2","1","unacc"
"887","3","1","1","3","2","2","unacc"
"889","3","1","1","3","3","1","unacc"
"891","3","1","1","3","3","3","acc"
"892","3","1","2","1","1","1","unacc"
"893","3","1","2","1","1","2","unacc"
"894","3","1","2","1","1","3","unacc"
"895","3","1","2","1","2","1","unacc"
"896","3","1","2","1","2","2","unacc"
"897","3","1","2","1","2","3","unacc"
"898","3","1","2","1","3","1","unacc"
"899","3","1","2","1","3","2","unacc"
"900","3","1","2","1","3","3","unacc"
"902","3","1","2","2","1","2","unacc"
"903","3","1","2","2","1","3","acc"
"904","3","1","2","2","2","1","unacc"
"905","3","1","2","2","2","2","unacc"
"907","3","1","2","2","3","1","unacc"
"909","3","1","2","2","3","3","acc"
"910","3","1","2","3","1","1","unacc"
"912","3","1","2","3","1","3","acc"
"913","3","1","2","3","2","1","unacc"
"914","3","1","2","3","2","2","acc"
"915","3","1","2","3","2","3","acc"
"916","3","1","2","3","3","1","unacc"
"917","3","1","2","3","3","2","acc"
"918","3","1","2","3","3","3","acc"
"919","3","1","3","1","1","1","unacc"
"920","3","1","3","1","1","2","unacc"
"922","3","1","3","1","2","1","unacc"
"924","3","1","3","1","2","3","unacc"
"925","3","1","3","1","3","1","unacc"
"927","3","1","3","1","3","3","unacc"
"931","3","1","3","2","2","1","unacc"
"932","3","1","3","2","2","2","acc"
"933","3","1","3","2","2","3","acc"
"934","3","1","3","2","3","1","unacc"
"935","3","1","3","2","3","2","acc"
"936","3","1","3","2","3","3","acc"
"937","3","1","3","3","1","1","unacc"
"938","3","1","3","3","1","2","unacc"
"939","3","1","3","3","1","3","acc"
"940","3","1","3","3","2","1","unacc"
"941","3","1","3","3","2","2","acc"
"942","3","1","3","3","2","3","acc"
"943","3","1","3","3","3","1","unacc"
"944","3","1","3","3","3","2","acc"
"945","3","1","3","3","3","3","acc"
"946","3","1","4","1","1","1","unacc"
"947","3","1","4","1","1","2","unacc"
"949","3","1","4","1","2","1","unacc"
"950","3","1","4","1","2","2","unacc"
"951","3","1","4","1","2","3","unacc"
"952","3","1","4","1","3","1","unacc"
"955","3","1","4","2","1","1","unacc"
"956","3","1","4","2","1","2","unacc"
"957","3","1","4","2","1","3","acc"
"958","3","1","4","2","2","1","unacc"
"959","3","1","4","2","2","2","acc"
"961","3","1","4","2","3","1","unacc"
"962","3","1","4","2","3","2","acc"
"963","3","1","4","2","3","3","acc"
"964","3","1","4","3","1","1","unacc"
"965","3","1","4","3","1","2","unacc"
"967","3","1","4","3","2","1","unacc"
"969","3","1","4","3","2","3","acc"
"971","3","1","4","3","3","2","acc"
"972","3","1","4","3","3","3","acc"
"973","3","2","1","1","1","1","unacc"
"974","3","2","1","1","1","2","unacc"
"975","3","2","1","1","1","3","unacc"
"976","3","2","1","1","2","1","unacc"
"977","3","2","1","1","2","2","unacc"
"978","3","2","1","1","2","3","unacc"
"980","3","2","1","1","3","2","unacc"
"981","3","2","1","1","3","3","unacc"
"982","3","2","1","2","1","1","unacc"
"983","3","2","1","2","1","2","unacc"
"984","3","2","1","2","1","3","acc"
"985","3","2","1","2","2","1","unacc"
"986","3","2","1","2","2","2","unacc"
"987","3","2","1","2","2","3","acc"
"988","3","2","1","2","3","1","unacc"
"989","3","2","1","2","3","2","acc"
"990","3","2","1","2","3","3","acc"
"991","3","2","1","3","1","1","unacc"
"992","3","2","1","3","1","2","unacc"
"993","3","2","1","3","1","3","unacc"
"994","3","2","1","3","2","1","unacc"
"996","3","2","1","3","2","3","acc"
"998","3","2","1","3","3","2","acc"
"999","3","2","1","3","3","3","acc"
"1001","3","2","2","1","1","2","unacc"
"1004","3","2","2","1","2","2","unacc"
"1005","3","2","2","1","2","3","unacc"
"1006","3","2","2","1","3","1","unacc"
"1007","3","2","2","1","3","2","unacc"
"1008","3","2","2","1","3","3","unacc"
"1009","3","2","2","2","1","1","unacc"
"1010","3","2","2","2","1","2","unacc"
"1011","3","2","2","2","1","3","acc"
"1012","3","2","2","2","2","1","unacc"
"1013","3","2","2","2","2","2","unacc"
"1014","3","2","2","2","2","3","acc"
"1016","3","2","2","2","3","2","acc"
"1017","3","2","2","2","3","3","acc"
"1019","3","2","2","3","1","2","unacc"
"1020","3","2","2","3","1","3","acc"
"1021","3","2","2","3","2","1","unacc"
"1023","3","2","2","3","2","3","acc"
"1024","3","2","2","3","3","1","unacc"
"1025","3","2","2","3","3","2","acc"
"1026","3","2","2","3","3","3","acc"
"1027","3","2","3","1","1","1","unacc"
"1028","3","2","3","1","1","2","unacc"
"1029","3","2","3","1","1","3","unacc"
"1030","3","2","3","1","2","1","unacc"
"1032","3","2","3","1","2","3","unacc"
"1033","3","2","3","1","3","1","unacc"
"1034","3","2","3","1","3","2","unacc"
"1035","3","2","3","1","3","3","unacc"
"1036","3","2","3","2","1","1","unacc"
"1038","3","2","3","2","1","3","acc"
"1039","3","2","3","2","2","1","unacc"
"1040","3","2","3","2","2","2","acc"
"1043","3","2","3","2","3","2","acc"
"1044","3","2","3","2","3","3","acc"
"1045","3","2","3","3","1","1","unacc"
"1046","3","2","3","3","1","2","unacc"
"1047","3","2","3","3","1","3","acc"
"1048","3","2","3","3","2","1","unacc"
"1049","3","2","3","3","2","2","acc"
"1050","3","2","3","3","2","3","acc"
"1051","3","2","3","3","3","1","unacc"
"1052","3","2","3","3","3","2","acc"
"1053","3","2","3","3","3","3","acc"
"1054","3","2","4","1","1","1","unacc"
"1055","3","2","4","1","1","2","unacc"
"1057","3","2","4","1","2","1","unacc"
"1058","3","2","4","1","2","2","unacc"
"1059","3","2","4","1","2","3","unacc"
"1060","3","2","4","1","3","1","unacc"
"1061","3","2","4","1","3","2","unacc"
"1062","3","2","4","1","3","3","unacc"
"1063","3","2","4","2","1","1","unacc"
"1064","3","2","4","2","1","2","unacc"
"1065","3","2","4","2","1","3","acc"
"1067","3","2","4","2","2","2","acc"
"1070","3","2","4","2","3","2","acc"
"1071","3","2","4","2","3","3","acc"
"1073","3","2","4","3","1","2","unacc"
"1074","3","2","4","3","1","3","acc"
"1075","3","2","4","3","2","1","unacc"
"1077","3","2","4","3","2","3","acc"
"1078","3","2","4","3","3","1","unacc"
"1079","3","2","4","3","3","2","acc"
"1080","3","2","4","3","3","3","acc"
"1081","3","3","1","1","1","1","unacc"
"1082","3","3","1","1","1","2","unacc"
"1083","3","3","1","1","1","3","unacc"
"1084","3","3","1","1","2","1","unacc"
"1085","3","3","1","1","2","2","unacc"
"1086","3","3","1","1","2","3","unacc"
"1087","3","3","1","1","3","1","unacc"
"1088","3","3","1","1","3","2","unacc"
"1089","3","3","1","1","3","3","unacc"
"1090","3","3","1","2","1","1","unacc"
"1091","3","3","1","2","1","2","acc"
"1092","3","3","1","2","1","3","acc"
"1093","3","3","1","2","2","1","unacc"
"1094","3","3","1","2","2","2","acc"
"1095","3","3","1","2","2","3","acc"
"1096","3","3","1","2","3","1","unacc"
"1097","3","3","1","2","3","2","acc"
"1098","3","3","1","2","3","3","vgood"
"1099","3","3","1","3","1","1","unacc"
"1100","3","3","1","3","1","2","unacc"
"1101","3","3","1","3","1","3","unacc"
"1103","3","3","1","3","2","2","acc"
"1105","3","3","1","3","3","1","unacc"
"1106","3","3","1","3","3","2","acc"
"1107","3","3","1","3","3","3","vgood"
"1109","3","3","2","1","1","2","unacc"
"1110","3","3","2","1","1","3","unacc"
"1111","3","3","2","1","2","1","unacc"
"1112","3","3","2","1","2","2","unacc"
"1113","3","3","2","1","2","3","unacc"
"1114","3","3","2","1","3","1","unacc"
"1115","3","3","2","1","3","2","unacc"
"1118","3","3","2","2","1","2","acc"
"1119","3","3","2","2","1","3","acc"
"1120","3","3","2","2","2","1","unacc"
"1121","3","3","2","2","2","2","acc"
"1122","3","3","2","2","2","3","acc"
"1123","3","3","2","2","3","1","unacc"
"1124","3","3","2","2","3","2","acc"
"1125","3","3","2","2","3","3","vgood"
"1126","3","3","2","3","1","1","unacc"
"1128","3","3","2","3","1","3","acc"
"1129","3","3","2","3","2","1","unacc"
"1130","3","3","2","3","2","2","acc"
"1132","3","3","2","3","3","1","unacc"
"1133","3","3","2","3","3","2","acc"
"1134","3","3","2","3","3","3","vgood"
"1136","3","3","3","1","1","2","unacc"
"1137","3","3","3","1","1","3","unacc"
"1138","3","3","3","1","2","1","unacc"
"1139","3","3","3","1","2","2","unacc"
"1141","3","3","3","1","3","1","unacc"
"1142","3","3","3","1","3","2","unacc"
"1143","3","3","3","1","3","3","unacc"
"1144","3","3","3","2","1","1","unacc"
"1145","3","3","3","2","1","2","acc"
"1146","3","3","3","2","1","3","acc"
"1147","3","3","3","2","2","1","unacc"
"1148","3","3","3","2","2","2","acc"
"1149","3","3","3","2","2","3","vgood"
"1150","3","3","3","2","3","1","unacc"
"1151","3","3","3","2","3","2","acc"
"1153","3","3","3","3","1","1","unacc"
"1154","3","3","3","3","1","2","acc"
"1155","3","3","3","3","1","3","acc"
"1156","3","3","3","3","2","1","unacc"
"1157","3","3","3","3","2","2","acc"
"1158","3","3","3","3","2","3","vgood"
"1159","3","3","3","3","3","1","unacc"
"1160","3","3","3","3","3","2","acc"
"1161","3","3","3","3","3","3","vgood"
"1163","3","3","4","1","1","2","unacc"
"1164","3","3","4","1","1","3","unacc"
"1165","3","3","4","1","2","1","unacc"
"1166","3","3","4","1","2","2","unacc"
"1167","3","3","4","1","2","3","unacc"
"1169","3","3","4","1","3","2","unacc"
"1172","3","3","4","2","1","2","acc"
"1173","3","3","4","2","1","3","acc"
"1174","3","3","4","2","2","1","unacc"
"1175","3","3","4","2","2","2","acc"
"1178","3","3","4","2","3","2","acc"
"1179","3","3","4","2","3","3","vgood"
"1180","3","3","4","3","1","1","unacc"
"1181","3","3","4","3","1","2","acc"
"1182","3","3","4","3","1","3","acc"
"1183","3","3","4","3","2","1","unacc"
"1184","3","3","4","3","2","2","acc"
"1185","3","3","4","3","2","3","vgood"
"1186","3","3","4","3","3","1","unacc"
"1188","3","3","4","3","3","3","vgood"
"1189","3","4","1","1","1","1","unacc"
"1190","3","4","1","1","1","2","unacc"
"1191","3","4","1","1","1","3","unacc"
"1193","3","4","1","1","2","2","unacc"
"1194","3","4","1","1","2","3","unacc"
"1195","3","4","1","1","3","1","unacc"
"1196","3","4","1","1","3","2","unacc"
"1198","3","4","1","2","1","1","unacc"
"1199","3","4","1","2","1","2","acc"
"1200","3","4","1","2","1","3","good"
"1201","3","4","1","2","2","1","unacc"
"1203","3","4","1","2","2","3","good"
"1204","3","4","1","2","3","1","unacc"
"1205","3","4","1","2","3","2","good"
"1206","3","4","1","2","3","3","vgood"
"1208","3","4","1","3","1","2","unacc"
"1209","3","4","1","3","1","3","unacc"
"1210","3","4","1","3","2","1","unacc"
"1211","3","4","1","3","2","2","acc"
"1213","3","4","1","3","3","1","unacc"
"1214","3","4","1","3","3","2","good"
"1215","3","4","1","3","3","3","vgood"
"1216","3","4","2","1","1","1","unacc"
"1217","3","4","2","1","1","2","unacc"
"1218","3","4","2","1","1","3","unacc"
"1219","3","4","2","1","2","1","unacc"
"1220","3","4","2","1","2","2","unacc"
"1221","3","4","2","1","2","3","unacc"
"1222","3","4","2","1","3","1","unacc"
"1223","3","4","2","1","3","2","unacc"
"1224","3","4","2","1","3","3","unacc"
"1225","3","4","2","2","1","1","unacc"
"1226","3","4","2","2","1","2","acc"
"1227","3","4","2","2","1","3","good"
"1228","3","4","2","2","2","1","unacc"
"1230","3","4","2","2","2","3","good"
"1231","3","4","2","2","3","1","unacc"
"1232","3","4","2","2","3","2","good"
"1233","3","4","2","2","3","3","vgood"
"1234","3","4","2","3","1","1","unacc"
"1235","3","4","2","3","1","2","acc"
"1236","3","4","2","3","1","3","good"
"1237","3","4","2","3","2","1","unacc"
"1238","3","4","2","3","2","2","good"
"1239","3","4","2","3","2","3","vgood"
"1240","3","4","2","3","3","1","unacc"
"1241","3","4","2","3","3","2","good"
"1242","3","4","2","3","3","3","vgood"
"1243","3","4","3","1","1","1","unacc"
"1247","3","4","3","1","2","2","unacc"
"1249","3","4","3","1","3","1","unacc"
"1251","3","4","3","1","3","3","unacc"
"1252","3","4","3","2","1","1","unacc"
"1253","3","4","3","2","1","2","acc"
"1255","3","4","3","2","2","1","unacc"
"1257","3","4","3","2","2","3","vgood"
"1258","3","4","3","2","3","1","unacc"
"1259","3","4","3","2","3","2","good"
"1260","3","4","3","2","3","3","vgood"
"1261","3","4","3","3","1","1","unacc"
"1262","3","4","3","3","1","2","acc"
"1263","3","4","3","3","1","3","good"
"1264","3","4","3","3","2","1","unacc"
"1265","3","4","3","3","2","2","good"
"1266","3","4","3","3","2","3","vgood"
"1267","3","4","3","3","3","1","unacc"
"1269","3","4","3","3","3","3","vgood"
"1271","3","4","4","1","1","2","unacc"
"1273","3","4","4","1","2","1","unacc"
"1274","3","4","4","1","2","2","unacc"
"1276","3","4","4","1","3","1","unacc"
"1278","3","4","4","1","3","3","unacc"
"1279","3","4","4","2","1","1","unacc"
"1280","3","4","4","2","1","2","acc"
"1281","3","4","4","2","1","3","good"
"1282","3","4","4","2","2","1","unacc"
"1283","3","4","4","2","2","2","good"
"1284","3","4","4","2","2","3","vgood"
"1285","3","4","4","2","3","1","unacc"
"1287","3","4","4","2","3","3","vgood"
"1289","3","4","4","3","1","2","acc"
"1290","3","4","4","3","1","3","good"
"1291","3","4","4","3","2","1","unacc"
"1292","3","4","4","3","2","2","good"
"1293","3","4","4","3","2","3","vgood"
"1295","3","4","4","3","3","2","good"
"1296","3","4","4","3","3","3","vgood"
"1298","4","1","1","1","1","2","unacc"
"1299","4","1","1","1","1","3","unacc"
"1302","4","1","1","1","2","3","unacc"
"1303","4","1","1","1","3","1","unacc"
"1304","4","1","1","1","3","2","unacc"
"1305","4","1","1","1","3","3","unacc"
"1306","4","1","1","2","1","1","unacc"
"1309","4","1","1","2","2","1","unacc"
"1311","4","1","1","2","2","3","acc"
"1312","4","1","1","2","3","1","unacc"
"1314","4","1","1","2","3","3","acc"
"1315","4","1","1","3","1","1","unacc"
"1316","4","1","1","3","1","2","unacc"
"1317","4","1","1","3","1","3","unacc"
"1318","4","1","1","3","2","1","unacc"
"1319","4","1","1","3","2","2","unacc"
"1320","4","1","1","3","2","3","acc"
"1321","4","1","1","3","3","1","unacc"
"1322","4","1","1","3","3","2","acc"
"1323","4","1","1","3","3","3","acc"
"1324","4","1","2","1","1","1","unacc"
"1325","4","1","2","1","1","2","unacc"
"1327","4","1","2","1","2","1","unacc"
"1328","4","1","2","1","2","2","unacc"
"1330","4","1","2","1","3","1","unacc"
"1332","4","1","2","1","3","3","unacc"
"1333","4","1","2","2","1","1","unacc"
"1334","4","1","2","2","1","2","unacc"
"1335","4","1","2","2","1","3","acc"
"1336","4","1","2","2","2","1","unacc"
"1337","4","1","2","2","2","2","unacc"
"1338","4","1","2","2","2","3","acc"
"1339","4","1","2","2","3","1","unacc"
"1340","4","1","2","2","3","2","acc"
"1341","4","1","2","2","3","3","acc"
"1342","4","1","2","3","1","1","unacc"
"1343","4","1","2","3","1","2","unacc"
"1344","4","1","2","3","1","3","acc"
"1345","4","1","2","3","2","1","unacc"
"1346","4","1","2","3","2","2","acc"
"1347","4","1","2","3","2","3","acc"
"1348","4","1","2","3","3","1","unacc"
"1349","4","1","2","3","3","2","acc"
"1353","4","1","3","1","1","3","unacc"
"1354","4","1","3","1","2","1","unacc"
"1355","4","1","3","1","2","2","unacc"
"1357","4","1","3","1","3","1","unacc"
"1358","4","1","3","1","3","2","unacc"
"1362","4","1","3","2","1","3","acc"
"1363","4","1","3","2","2","1","unacc"
"1367","4","1","3","2","3","2","acc"
"1368","4","1","3","2","3","3","acc"
"1369","4","1","3","3","1","1","unacc"
"1371","4","1","3","3","1","3","acc"
"1372","4","1","3","3","2","1","unacc"
"1373","4","1","3","3","2","2","acc"
"1374","4","1","3","3","2","3","acc"
"1375","4","1","3","3","3","1","unacc"
"1376","4","1","3","3","3","2","acc"
"1378","4","1","4","1","1","1","unacc"
"1379","4","1","4","1","1","2","unacc"
"1380","4","1","4","1","1","3","unacc"
"1381","4","1","4","1","2","1","unacc"
"1383","4","1","4","1","2","3","unacc"
"1384","4","1","4","1","3","1","unacc"
"1385","4","1","4","1","3","2","unacc"
"1386","4","1","4","1","3","3","unacc"
"1387","4","1","4","2","1","1","unacc"
"1388","4","1","4","2","1","2","unacc"
"1390","4","1","4","2","2","1","unacc"
"1391","4","1","4","2","2","2","acc"
"1392","4","1","4","2","2","3","acc"
"1393","4","1","4","2","3","1","unacc"
"1394","4","1","4","2","3","2","acc"
"1395","4","1","4","2","3","3","acc"
"1396","4","1","4","3","1","1","unacc"
"1397","4","1","4","3","1","2","unacc"
"1398","4","1","4","3","1","3","acc"
"1399","4","1","4","3","2","1","unacc"
"1400","4","1","4","3","2","2","acc"
"1402","4","1","4","3","3","1","unacc"
"1403","4","1","4","3","3","2","acc"
"1404","4","1","4","3","3","3","acc"
"1405","4","2","1","1","1","1","unacc"
"1406","4","2","1","1","1","2","unacc"
"1407","4","2","1","1","1","3","unacc"
"1408","4","2","1","1","2","1","unacc"
"1409","4","2","1","1","2","2","unacc"
"1410","4","2","1","1","2","3","unacc"
"1411","4","2","1","1","3","1","unacc"
"1412","4","2","1","1","3","2","unacc"
"1413","4","2","1","1","3","3","unacc"
"1414","4","2","1","2","1","1","unacc"
"1415","4","2","1","2","1","2","acc"
"1416","4","2","1","2","1","3","acc"
"1417","4","2","1","2","2","1","unacc"
"1418","4","2","1","2","2","2","acc"
"1419","4","2","1","2","2","3","acc"
"1420","4","2","1","2","3","1","unacc"
"1422","4","2","1","2","3","3","vgood"
"1423","4","2","1","3","1","1","unacc"
"1424","4","2","1","3","1","2","unacc"
"1425","4","2","1","3","1","3","unacc"
"1427","4","2","1","3","2","2","acc"
"1428","4","2","1","3","2","3","acc"
"1429","4","2","1","3","3","1","unacc"
"1430","4","2","1","3","3","2","acc"
"1432","4","2","2","1","1","1","unacc"
"1433","4","2","2","1","1","2","unacc"
"1437","4","2","2","1","2","3","unacc"
"1438","4","2","2","1","3","1","unacc"
"1439","4","2","2","1","3","2","unacc"
"1440","4","2","2","1","3","3","unacc"
"1442","4","2","2","2","1","2","acc"
"1444","4","2","2","2","2","1","unacc"
"1445","4","2","2","2","2","2","acc"
"1446","4","2","2","2","2","3","acc"
"1448","4","2","2","2","3","2","acc"
"1449","4","2","2","2","3","3","vgood"
"1450","4","2","2","3","1","1","unacc"
"1452","4","2","2","3","1","3","acc"
"1453","4","2","2","3","2","1","unacc"
"1455","4","2","2","3","2","3","vgood"
"1456","4","2","2","3","3","1","unacc"
"1457","4","2","2","3","3","2","acc"
"1459","4","2","3","1","1","1","unacc"
"1460","4","2","3","1","1","2","unacc"
"1461","4","2","3","1","1","3","unacc"
"1462","4","2","3","1","2","1","unacc"
"1463","4","2","3","1","2","2","unacc"
"1464","4","2","3","1","2","3","unacc"
"1465","4","2","3","1","3","1","unacc"
"1467","4","2","3","1","3","3","unacc"
"1469","4","2","3","2","1","2","acc"
"1470","4","2","3","2","1","3","acc"
"1471","4","2","3","2","2","1","unacc"
"1472","4","2","3","2","2","2","acc"
"1474","4","2","3","2","3","1","unacc"
"1475","4","2","3","2","3","2","acc"
"1476","4","2","3","2","3","3","vgood"
"1477","4","2","3","3","1","1","unacc"
"1478","4","2","3","3","1","2","acc"
"1479","4","2","3","3","1","3","acc"
"1480","4","2","3","3","2","1","unacc"
"1481","4","2","3","3","2","2","acc"
"1482","4","2","3","3","2","3","vgood"
"1483","4","2","3","3","3","1","unacc"
"1484","4","2","3","3","3","2","acc"
"1485","4","2","3","3","3","3","vgood"
"1488","4","2","4","1","1","3","unacc"
"1489","4","2","4","1","2","1","unacc"
"1490","4","2","4","1","2","2","unacc"
"1492","4","2","4","1","3","1","unacc"
"1494","4","2","4","1","3","3","unacc"
"1495","4","2","4","2","1","1","unacc"
"1497","4","2","4","2","1","3","acc"
"1498","4","2","4","2","2","1","unacc"
"1499","4","2","4","2","2","2","acc"
"1500","4","2","4","2","2","3","vgood"
"1501","4","2","4","2","3","1","unacc"
"1502","4","2","4","2","3","2","acc"
"1503","4","2","4","2","3","3","vgood"
"1505","4","2","4","3","1","2","acc"
"1506","4","2","4","3","1","3","acc"
"1509","4","2","4","3","2","3","vgood"
"1510","4","2","4","3","3","1","unacc"
"1511","4","2","4","3","3","2","acc"
"1512","4","2","4","3","3","3","vgood"
"1513","4","3","1","1","1","1","unacc"
"1514","4","3","1","1","1","2","unacc"
"1515","4","3","1","1","1","3","unacc"
"1516","4","3","1","1","2","1","unacc"
"1517","4","3","1","1","2","2","unacc"
"1518","4","3","1","1","2","3","unacc"
"1519","4","3","1","1","3","1","unacc"
"1520","4","3","1","1","3","2","unacc"
"1521","4","3","1","1","3","3","unacc"
"1522","4","3","1","2","1","1","unacc"
"1523","4","3","1","2","1","2","acc"
"1524","4","3","1","2","1","3","good"
"1525","4","3","1","2","2","1","unacc"
"1526","4","3","1","2","2","2","acc"
"1527","4","3","1","2","2","3","good"
"1528","4","3","1","2","3","1","unacc"
"1529","4","3","1","2","3","2","good"
"1531","4","3","1","3","1","1","unacc"
"1532","4","3","1","3","1","2","unacc"
"1533","4","3","1","3","1","3","unacc"
"1534","4","3","1","3","2","1","unacc"
"1535","4","3","1","3","2","2","acc"
"1536","4","3","1","3","2","3","good"
"1538","4","3","1","3","3","2","good"
"1540","4","3","2","1","1","1","unacc"
"1541","4","3","2","1","1","2","unacc"
"1542","4","3","2","1","1","3","unacc"
"1543","4","3","2","1","2","1","unacc"
"1544","4","3","2","1","2","2","unacc"
"1545","4","3","2","1","2","3","unacc"
"1546","4","3","2","1","3","1","unacc"
"1547","4","3","2","1","3","2","unacc"
"1548","4","3","2","1","3","3","unacc"
"1550","4","3","2","2","1","2","acc"
"1551","4","3","2","2","1","3","good"
"1552","4","3","2","2","2","1","unacc"
"1553","4","3","2","2","2","2","acc"
"1554","4","3","2","2","2","3","good"
"1555","4","3","2","2","3","1","unacc"
"1556","4","3","2","2","3","2","good"
"1557","4","3","2","2","3","3","vgood"
"1558","4","3","2","3","1","1","unacc"
"1560","4","3","2","3","1","3","good"
"1561","4","3","2","3","2","1","unacc"
"1562","4","3","2","3","2","2","good"
"1563","4","3","2","3","2","3","vgood"
"1564","4","3","2","3","3","1","unacc"
"1566","4","3","2","3","3","3","vgood"
"1567","4","3","3","1","1","1","unacc"
"1569","4","3","3","1","1","3","unacc"
"1570","4","3","3","1","2","1","unacc"
"1571","4","3","3","1","2","2","unacc"
"1572","4","3","3","1","2","3","unacc"
"1573","4","3","3","1","3","1","unacc"
"1574","4","3","3","1","3","2","unacc"
"1575","4","3","3","1","3","3","unacc"
"1576","4","3","3","2","1","1","unacc"
"1577","4","3","3","2","1","2","acc"
"1578","4","3","3","2","1","3","good"
"1579","4","3","3","2","2","1","unacc"
"1581","4","3","3","2","2","3","vgood"
"1582","4","3","3","2","3","1","unacc"
"1583","4","3","3","2","3","2","good"
"1584","4","3","3","2","3","3","vgood"
"1585","4","3","3","3","1","1","unacc"
"1587","4","3","3","3","1","3","good"
"1588","4","3","3","3","2","1","unacc"
"1589","4","3","3","3","2","2","good"
"1590","4","3","3","3","2","3","vgood"
"1591","4","3","3","3","3","1","unacc"
"1592","4","3","3","3","3","2","good"
"1593","4","3","3","3","3","3","vgood"
"1594","4","3","4","1","1","1","unacc"
"1595","4","3","4","1","1","2","unacc"
"1596","4","3","4","1","1","3","unacc"
"1597","4","3","4","1","2","1","unacc"
"1600","4","3","4","1","3","1","unacc"
"1602","4","3","4","1","3","3","unacc"
"1604","4","3","4","2","1","2","acc"
"1605","4","3","4","2","1","3","good"
"1606","4","3","4","2","2","1","unacc"
"1607","4","3","4","2","2","2","good"
"1608","4","3","4","2","2","3","vgood"
"1609","4","3","4","2","3","1","unacc"
"1610","4","3","4","2","3","2","good"
"1613","4","3","4","3","1","2","acc"
"1616","4","3","4","3","2","2","good"
"1618","4","3","4","3","3","1","unacc"
"1619","4","3","4","3","3","2","good"
"1621","4","4","1","1","1","1","unacc"
"1622","4","4","1","1","1","2","unacc"
"1623","4","4","1","1","1","3","unacc"
"1625","4","4","1","1","2","2","unacc"
"1626","4","4","1","1","2","3","unacc"
"1627","4","4","1","1","3","1","unacc"
"1628","4","4","1","1","3","2","unacc"
"1629","4","4","1","1","3","3","unacc"
"1630","4","4","1","2","1","1","unacc"
"1631","4","4","1","2","1","2","acc"
"1632","4","4","1","2","1","3","good"
"1633","4","4","1","2","2","1","unacc"
"1635","4","4","1","2","2","3","good"
"1636","4","4","1","2","3","1","unacc"
"1637","4","4","1","2","3","2","good"
"1638","4","4","1","2","3","3","vgood"
"1639","4","4","1","3","1","1","unacc"
"1640","4","4","1","3","1","2","unacc"
"1641","4","4","1","3","1","3","unacc"
"1643","4","4","1","3","2","2","acc"
"1645","4","4","1","3","3","1","unacc"
"1647","4","4","1","3","3","3","vgood"
"1648","4","4","2","1","1","1","unacc"
"1650","4","4","2","1","1","3","unacc"
"1651","4","4","2","1","2","1","unacc"
"1652","4","4","2","1","2","2","unacc"
"1654","4","4","2","1","3","1","unacc"
"1655","4","4","2","1","3","2","unacc"
"1656","4","4","2","1","3","3","unacc"
"1657","4","4","2","2","1","1","unacc"
"1658","4","4","2","2","1","2","acc"
"1660","4","4","2","2","2","1","unacc"
"1661","4","4","2","2","2","2","acc"
"1662","4","4","2","2","2","3","good"
"1663","4","4","2","2","3","1","unacc"
"1665","4","4","2","2","3","3","vgood"
"1667","4","4","2","3","1","2","acc"
"1668","4","4","2","3","1","3","good"
"1670","4","4","2","3","2","2","good"
"1671","4","4","2","3","2","3","vgood"
"1673","4","4","2","3","3","2","good"
"1675","4","4","3","1","1","1","unacc"
"1676","4","4","3","1","1","2","unacc"
"1677","4","4","3","1","1","3","unacc"
"1680","4","4","3","1","2","3","unacc"
"1681","4","4","3","1","3","1","unacc"
"1683","4","4","3","1","3","3","unacc"
"1684","4","4","3","2","1","1","unacc"
"1685","4","4","3","2","1","2","acc"
"1686","4","4","3","2","1","3","good"
"1687","4","4","3","2","2","1","unacc"
"1688","4","4","3","2","2","2","good"
"1689","4","4","3","2","2","3","vgood"
"1690","4","4","3","2","3","1","unacc"
"1692","4","4","3","2","3","3","vgood"
"1693","4","4","3","3","1","1","unacc"
"1694","4","4","3","3","1","2","acc"
"1695","4","4","3","3","1","3","good"
"1696","4","4","3","3","2","1","unacc"
"1697","4","4","3","3","2","2","good"
"1698","4","4","3","3","2","3","vgood"
"1699","4","4","3","3","3","1","unacc"
"1700","4","4","3","3","3","2","good"
"1701","4","4","3","3","3","3","vgood"
"1702","4","4","4","1","1","1","unacc"
"1703","4","4","4","1","1","2","unacc"
"1704","4","4","4","1","1","3","unacc"
"1705","4","4","4","1","2","1","unacc"
"1706","4","4","4","1","2","2","unacc"
"1707","4","4","4","1","2","3","unacc"
"1708","4","4","4","1","3","1","unacc"
"1709","4","4","4","1","3","2","unacc"
"1712","4","4","4","2","1","2","acc"
"1713","4","4","4","2","1","3","good"
"1714","4","4","4","2","2","1","unacc"
"1715","4","4","4","2","2","2","good"
"1716","4","4","4","2","2","3","vgood"
"1717","4","4","4","2","3","1","unacc"
"1718","4","4","4","2","3","2","good"
"1719","4","4","4","2","3","3","vgood"
"1721","4","4","4","3","1","2","acc"
"1722","4","4","4","3","1","3","good"
"1723","4","4","4","3","2","1","unacc"
"1724","4","4","4","3","2","2","good"
"1725","4","4","4","3","2","3","vgood"
"1726","4","4","4","3","3","1","unacc"
"1727","4","4","4","3","3","2","good"
